DAM_ID,DAM_NAME,STATE,AGENCY_CODE,LONG,LAT,TIME_SERIES_START,TIME_SERIES_END,INCONSISTENCIES_NOTED
41,Ross,Washington,SCL,-121.067305,48.732466,1970-10-01,2020-08-31,NA
42,Diablo,Washington,SCL,-121.13032,48.714583,1970-10-01,2020-08-31,NA
54,Wynoochee,Washington,USGS,-123.604561,47.386357,1980-01-01,2020-12-31,NA
55,Keechelus,Washington,BOR_PN,-121.340171,47.323654,1965-01-01,2020-12-31,NA
56,Howard A. Hanson Dam,Washington,ACE_SEA,-121.783969,47.277406,1980-01-01,2020-12-31,NA
57,Kachess,Washington,BOR_PN,-121.205208,47.265956,1965-01-01,2020-12-31,NA
59,Lake Tapps Dike 2-B,Washington,USGS,-122.163202,47.191381,2004-10-01,2020-12-31,NA
60,Bumping Lake,Washington,BOR_PN,-121.302083,46.86875,1965-01-01,2020-12-31,NA
63,Tieton,Washington,BOR_PN,-121.128322,46.654792,1965-01-01,2020-12-31,NA
72,Scoggins Reservoir,Oregon,BOR_PN,-123.199777,45.47449,1965-01-01,2020-12-31,NA
78,Wasco,Oregon,BOR_PN,-121.690853,45.17581,1965-01-01,2020-12-31,NA
80,Detroit,Oregon,ACE_POR,-122.247917,44.719354,1970-12-15,2020-12-31,NA
83,Green Peter,Oregon,ACE_POR,-122.547437,44.451859,1970-12-15,2020-05-26,NA
85,Foster,Oregon,ACE_POR,-122.668049,44.418013,1970-12-15,2020-12-31,NA
87,Ochoco,Oregon,BOR_PN,-120.722554,44.298084,1965-01-01,2020-12-31,NA
88,Blue River Dam,Oregon,ACE_POR,-122.328125,44.17358,1974-11-01,2020-12-31,NA
89,Cougar,Oregon,ACE_POR,-122.240036,44.126141,1971-01-01,2020-12-31,NA
90,Fern Ridge,Oregon,ACE_POR,-123.296875,44.117518,1975-01-01,2020-12-31,NA
91,Arthur R. Bowman,Oregon,BOR_PN,-120.78475,44.111562,1965-01-01,2020-12-31,NA
92,Fall Creek,Oregon,ACE_POR,-122.7552,43.944837,1980-01-01,2020-12-31,NA
93,Dexter,Oregon,ACE_POR,-122.805208,43.922071,1961-01-01,2020-12-31,NA
94,Lookout Point,Oregon,ACE_POR,-122.750316,43.913909,1971-01-01,2020-05-26,NA
97,Dorena,Oregon,ACE_POR,-122.954278,43.78714,1974-11-01,2020-12-31,NA
98,Crane Prairie,Oregon,BOR_PN,-121.793773,43.760449,1965-01-01,2020-12-31,NA
99,Cottage Grove,Oregon,ACE_POR,-123.05623,43.714163,1974-11-01,2020-12-31,NA
100,Hills Creek,Oregon,ACE_POR,-122.421703,43.708548,1963-01-01,2020-12-31,NA
101,Wickiup Reservoir,Oregon,BOR_PN,-121.690207,43.68125,1965-01-01,2020-12-31,NA
102,Crescent Lake,Oregon,BOR_PN,-121.971611,43.500474,1965-01-01,2020-12-31,NA
107,William L. Jess,Oregon,ACE_POR,-122.672183,42.672829,1977-02-28,2020-12-31,NA
108,Four Mile Lake Dam,Oregon,BOR_PN,-122.244487,42.456756,1965-01-01,2020-12-31,NA
111,Howard Prairie,Oregon,BOR_PN,-122.378342,42.217605,1965-01-01,2020-12-31,NA
113,Hyatt Dam,Oregon,BOR_PN,-122.467427,42.173159,1965-01-01,2020-12-31,NA
114,Emigrant,Oregon,BOR_PN,-122.606267,42.159508,1965-01-01,2020-12-31,NA
116,Applegate Dam,Oregon,ACE_POR,-123.113916,42.054661,1980-01-01,2020-12-31,NA
119,Clear Lake Dike,California,CDEC,-121.077838,41.925594,1996-08-31,2020-07-09,NA
124,McCloud,California,CDEC,-122.07314,41.132236,2020-01-13,2020-12-31,NA
126,Iron Canyon,California,CDEC,-121.984375,41.044408,2019-12-31,2020-06-30,NA
131,Trinity,California,CDEC,-122.760687,40.802949,1965-01-01,2020-12-31,NA
132,Shasta,California,BOR,-122.422031,40.720459,1987-01-05,2018-12-18,NA
133,Whiskeytown,California,BOR,-122.540564,40.599432,1963-05-03,2018-12-18,NA
135,Robert W. Matthews,California,CDEC,-123.432155,40.367331,1985-01-02,2003-07-15,NA
136,Indian Ole,California,CDEC,-121.023036,40.282206,2001-01-01,2020-12-31,NA
137,Antelope,California,CDEC,-120.605896,40.18168,1985-01-01,2021-01-01,NA
138,Lake Almanor,California,CDEC,-121.087815,40.174792,1985-01-01,2020-12-31,NA
139,Butt Valley,California,CDEC,-121.144792,40.115902,1985-04-21,2020-12-31,NA
140,Bucks Storage,California,CDEC,-121.201337,39.897279,1985-04-21,2020-12-31,NA
141,Frenchman,California,CDEC,-120.191195,39.8944,1985-01-01,2021-01-01,NA
142,Grizzly Valley,California,CDEC,-120.47787,39.885247,1988-08-06,2021-01-01,NA
144,Black Butte Dam,California,CDEC,-122.339583,39.814583,1985-01-01,2021-01-01,NA
145,Little Grass Valley,California,CDEC,-121.017848,39.724074,1985-04-21,2020-12-31,NA
146,Stony Gorge,California,CDEC,-122.530468,39.585442,2017-10-02,2021-01-01,NA
147,Sly Creek,California,CDEC,-121.113718,39.582613,1985-04-21,2020-12-31,NA
148,Oroville,California,CDEC,-121.481218,39.539616,1985-02-13,2021-01-01,NA
151,Stampede,California,USGS,-120.106838,39.473759,1980-01-01,2020-12-31,NA
152,Thermalito Afterbay,California,CDEC,-121.644792,39.457142,1985-01-01,2020-12-31,NA
153,Independence,California,USGS,-120.290738,39.450598,1980-01-01,2020-12-31,NA
156,Scott,California,CDEC,-122.955096,39.410033,2007-03-08,2020-12-31,NA
157,Boca,California,USGS,-120.095694,39.391436,1980-01-01,2020-12-31,NA
158,New Bullards Bar,California,CDEC,-121.142593,39.393473,1985-01-02,2020-12-31,NA
159,Lake Fordyce,California,CDEC,-120.496074,39.380461,2019-12-31,2020-07-10,NA
160,Prosser Creek,California,USGS,-120.141076,39.3785,1980-01-01,2020-12-31,NA
161,East Park,California,CDEC,-122.51038,39.360383,2001-01-02,2021-01-01,NA
162,Lake Spaulding,California,CDEC,-120.642108,39.327475,2020-01-01,2020-12-31,NA
163,Martis Creek Dam,California,DUKE,-120.113874,39.325992,1990-01-01,2015-09-30,NA
165,Donner Lake,California,USGS,-120.241002,39.323946,1980-01-01,2020-12-31,NA
166,Lake Valley,California,CDEC,-120.597303,39.301055,1995-01-31,2020-12-31,NA
168,Harry L. Englebright Dam,California,CDEC,-121.269088,39.241269,1980-01-01,2021-01-01,NA
169,Coyote Valley Dam,California,ACE_SAN,-123.180998,39.197467,1980-01-01,2021-01-01,NA
172,L.L. Anderson,California,CDEC,-120.46816,39.110417,1995-01-31,2020-12-31,NA
173,Indian Valley,California,CDEC,-122.535917,39.082147,1989-01-08,2020-12-31,NA
174,Lower Hell Hole,California,CDEC,-120.407324,39.061146,1995-01-31,2020-12-31,NA
176,Loon Lake,California,CDEC,-120.309375,39.001324,1988-01-10,2021-01-01,NA
177,Mark Edson,California,CDEC,-120.602019,38.902035,1995-01-31,2004-07-31,NA
178,Union Valley,California,CDEC,-120.439328,38.867879,1988-07-24,2021-01-01,NA
179,Ice House,California,CDEC,-120.361604,38.824184,1988-07-24,2021-01-01,NA
180,Warm Springs Dam,California,CDEC,-123.011209,38.718758,1988-08-09,2021-01-01,NA
182,Folsom,California,BOR,-121.156241,38.710426,1955-03-01,2018-12-18,NA
183,Caples Lake,California,CDEC,-120.047917,38.706229,1995-01-31,2021-01-01,NA
184,Lower Bear,California,CDEC,-120.254546,38.537099,2020-01-01,2020-12-31,NA
185,Monticello,California,BOR,-122.106948,38.513668,1957-01-11,2018-12-18,NA
186,Salt Springs,California,CDEC,-120.213696,38.498886,1985-01-01,2020-12-31,NA
190,Pardee,California,CDEC,-120.850562,38.257854,1985-01-02,2020-12-31,NA
191,Camanche,California,CDEC,-121.022487,38.22259,1985-01-02,2020-12-31,NA
192,Beardsley,California,BOR,-120.072817,38.206297,1980-01-01,2020-12-31,NA
193,New Hogan Dam,California,CDEC,-120.813047,38.152175,1985-01-01,2021-01-01,NA
198,New Melones,California,CDEC,-120.522863,37.948664,1985-02-14,2020-12-31,NA
201,Alpine,California,CDEC,-122.637992,37.939238,2019-09-30,2020-07-10,NA
203,Farmington Dam,California,DUKE,-120.934253,37.914458,1988-08-09,2020-12-31,NA
204,Tulloch,California,BOR,-120.602083,37.877114,1957-11-25,2018-12-18,NA
210,Don Pedro,California,CDEC,-120.419017,37.70282,1980-01-01,2021-01-01,NA
213,Del Valle,California,CDEC,-121.744035,37.613313,2016-09-15,2020-12-31,NA
214,Exchequer Main,California,CDEC,-120.271021,37.586276,1985-01-01,2021-01-01,NA
216,James H. Turner,California,CDEC,-121.847584,37.57207,2015-10-01,2020-12-31,NA
219,Calaveras,California,CDEC,-121.822917,37.489583,2014-07-01,2020-12-31,NA
223,Coyote,California,CDEC,-121.548868,37.117567,1984-12-31,2020-07-10,NA
230,San Antonio,California,CDEC,-120.886663,35.798659,2015-12-25,2019-06-25,NA
250,Mica,"British Columbia, CAN",CAN,-118.56979,52.077993,1974-01-01,2019-01-02,NA
257,Revelstoke,"British Columbia, CAN",CAN,-118.19325,51.052067,2018-05-03,2019-12-31,NA
262,Coursier Lake,"British Columbia, CAN",CAN,-118.10576,50.713349,1994-01-01,2003-06-12,NA
265,Sugar Lake,"British Columbia, CAN",CAN,-118.53962,50.353672,1970-05-27,2019-12-31,NA
268,Duncan,"British Columbia, CAN",CAN,-116.94366,50.252176,1967-05-01,2019-12-31,NA
279,Corra-Linn,"British Columbia, CAN",CAN,-117.4651,49.46878,1937-10-01,2019-12-31,NA
282,Hugh Keenleyside,"British Columbia, CAN",CAN,-117.77454,49.342295,1969-01-01,1988-12-31,NA
288,Morrison,"Saskatchewan, CAN",CAN,-105.43613,49.032726,1965-10-01,1968-12-31,NA
292,Lake Sherburne,Montana,BOR,-113.523663,48.828116,2014-11-01,2020-05-05,NA
293,Fresno,Montana,BOR,-109.949037,48.599168,1947-10-01,2018-12-18,NA
294,Conconully,Washington,BOR_PN,-119.747523,48.537299,1965-01-01,2020-12-31,NA
295,Nelson Dike,Montana,BOR,-107.523165,48.531051,1946-10-31,2018-12-18,NA
297,Libby,Montana,ACE_SEA,-115.313542,48.411432,1974-11-02,2020-12-30,NA
299,Hungry Horse,Montana,BOR,-114.010417,48.339662,1987-10-01,2018-12-18,NA
300,Tiber Dike,Montana,BOR,-111.102097,48.322931,1955-10-01,2020-05-05,NA
301,Lake Frances East Dam,Montana,BOR,-112.29375,48.302083,2008-09-11,2020-02-04,NA
305,Albeni Falls,Idaho,ACE_SEA,-116.997745,48.178294,1960-10-01,2020-12-31,NA
306,Swift Dike,Montana,BOR,-112.878447,48.160417,2010-01-01,2018-12-18,NA
307,Fort Peck Dam,Montana,ACE_OMA,-106.414583,48.001098,1938-01-02,2020-02-06,NA
310,Grand Coulee,Washington,BOR_PN,-118.98095,47.954652,1965-01-01,2018-08-23,NA
311,Dry Falls,Washington,BOR_PN,-119.019462,47.939695,1965-01-01,2018-08-23,NA
316,Kerr,Montana,ENKEP,-114.232292,47.676175,1999-10-01,2019-12-31,NA
317,Pishkun Dike 1,Montana,BOR,-112.48791,47.674729,1989-10-31,2018-12-18,NA
319,Gibson,Montana,BOR,-112.762395,47.60042,1930-01-01,2020-05-05,NA
320,Willow Creek,Montana,BOR,-112.428497,47.549113,1985-10-01,2020-05-06,NA
334,Lake Helena,Montana,BOR,-111.901861,46.70063,1989-10-31,2018-12-31,NA
338,Dworshak Dam,Idaho,ACE_WAL,-116.297014,46.516351,1960-01-01,2020-12-31,NA
345,Como,Montana,BOR_PN,-114.236534,46.063822,1965-01-01,2020-12-31,NA
346,Cold Springs,Oregon,BOR_PN,-119.171723,45.860356,1965-01-01,2020-12-31,NA
347,West Fork Bitterroot,Montana,MTDNR,-114.281904,45.717058,1998-04-14,2008-10-16,NA
350,McKay,Oregon,BOR_PN,-118.792708,45.605278,1965-01-01,2020-12-31,NA
353,Willow Creek Reservoir,Oregon,ACE_POR,-119.54375,45.344451,1980-01-01,2020-12-31,NA
355,Yellowtail,Montana,BOR,-107.957143,45.305859,1965-10-01,2020-05-05,NA
361,Thief Valley,Oregon,BOR_PN,-117.78289,45.013574,1965-01-01,2020-12-31,NA
362,Clark Canyon,Montana,BOR,-112.860426,44.997869,1963-10-01,2020-05-05,NA
364,Hebgen Dam,Montana,BOR,-111.334057,44.863227,1986-10-29,2018-12-18,NA
367,Mason,Oregon,BOR_PN,-117.999626,44.671057,1965-01-01,2020-12-31,NA
368,Lima,Montana,BOR ,-112.363205,44.654902,1988-10-01,2017-12-19,NA
370,Cascade,Idaho,BOR_PN,-116.053057,44.523064,1965-01-01,2020-12-31,NA
372,Unity,Oregon,BOR_PN,-118.18281,44.504773,1965-01-01,2020-12-31,NA
373,Buffalo Bill,Wyoming,BOR,-109.186819,44.500233,1951-10-01,2020-05-05,NA
374,Island Park,Idaho,BOR,-111.394991,44.420051,1965-01-01,2020-12-31,NA
375,Mann Creek,Idaho,BOR_PN,-116.89813,44.39375,1965-01-01,2020-12-31,NA
377,Deadwood,Idaho,BOR_PN,-115.645624,44.295039,1965-01-01,2020-12-31,NA
378,Grassy Lake,Wyoming,BOR_PN,-110.817278,44.129764,1965-01-01,2020-12-31,NA
382,Bully Creek,Oregon,BOR_PN,-117.398688,44.01512,1965-01-01,2020-12-31,NA
383,Agency Valley,Oregon,BOR_PN,-118.155208,43.912118,1965-01-01,2020-12-31,NA
384,Jackson Lake,Wyoming,BOR_PN,-110.591126,43.857485,1965-01-01,2020-12-31,NA
385,Anchor,Wyoming,BOR,-108.827888,43.663883,1961-11-01,2018-12-18,NA
386,Owyhee,Oregon,BOR_PN,-117.238522,43.639982,1965-01-01,2020-12-31,NA
387,Arrowrock,Idaho,BOR_PN,-115.921576,43.593558,1965-01-01,2020-12-31,NA
388,Warm Springs,Oregon,BOR_PN,-118.2091,43.58693,1965-01-01,2020-12-31,NA
389,Deer Flat Upper,Idaho,BOR_PN,-116.73125,43.584629,1965-01-01,2020-12-31,NA
390,Ririe,Idaho,BOR_PN,-111.740813,43.580736,1965-01-01,2020-12-31,NA
391,Lucky Peak,Idaho,BOR_PN,-116.052083,43.526359,1965-01-01,2020-12-31,NA
392,Little Wood River,Idaho,BOR_PN,-114.028321,43.426524,1965-01-01,2020-12-31,NA
393,Boysen,Wyoming,BOR,-108.177221,43.414157,2011-10-01,2020-05-05,NA
394,Anderson Ranch,Idaho,BOR_PN,-115.447429,43.36022,1965-01-01,2020-12-31,NA
396,Palisades,Idaho,BOR_PN,-111.202028,43.330514,1965-01-01,2020-12-31,NA
398,Bull Lake,Wyoming,BOR,-109.044413,43.209951,1968-10-01,2020-05-05,NA
399,Pilot Butte,Wyoming,BOR,-108.760417,43.195527,1949-10-31,2020-05-05,NA
405,C.J. Strike,Idaho,USGS,-115.972917,42.947917,1980-01-01,2020-12-31,NA
411,American Falls,Idaho,BOR,-112.873708,42.779062,1965-01-01,2020-12-31,NA
413,Minidoka,Idaho,BOR,-113.484084,42.667609,1965-01-01,2020-12-31,NA
415,Alcova,Wyoming,BOR,-106.727083,42.543117,1945-10-01,2018-12-18,NA
416,Pathfinder Dike,Wyoming,BOR,-106.853706,42.46391,1945-10-01,2018-12-18,NA
419,Big Sandy Dike,Wyoming,BOR,-109.432426,42.252083,1970-05-12,2021-01-25,NA
420,Eden Dike 1,Wyoming,BOR,-109.372287,42.238935,1960-07-29,2021-01-27,NA
421,Seminoe,Wyoming,BOR,-106.906358,42.154838,1945-10-01,2020-05-05,NA
423,Fontenelle,Wyoming,BOR,-110.065625,42.028371,1964-04-23,2021-01-27,NA
424,Wheatland 1,Wyoming,WSE,-105.043725,41.997877,1984-10-01,2019-09-30,NA
428,Wheatland 2,Wyoming,WSE,-105.642093,41.833794,1984-10-01,2018-09-30,NA
430,Wild Horse Dam,Nevada,USGS,-115.83377,41.684728,1965-01-01,2020-12-31,NA
431,Hyrum,Utah,BOR,-111.871746,41.623799,1974-01-31,2021-01-27,NA
437,Arthur V. Watkins,Utah,BOR,-112.130397,41.376955,1985-12-22,2021-01-27,NA
438,Pineview,Utah,BOR ,-111.841795,41.254826,1977-12-01,2021-01-27,NA
442,Lost Creek,Utah,BOR,-111.39784,41.185867,1982-10-30,2021-01-28,NA
445,Meeks Cabin,Wyoming,BOR,-110.582609,41.025296,1973-05-09,2021-01-27,NA
448,Bor Stateline Summit,Utah,BOR,-110.386982,40.987986,1979-06-28,2021-01-27,NA
449,Echo,Utah,BOR,-111.430527,40.963948,1967-01-01,2021-01-28,NA
450,East Canyon,Utah,BOR,-111.597917,40.919468,1969-05-01,2021-01-28,NA
451,Flaming Gorge,Utah,BOR,-109.420471,40.915665,1962-11-01,2021-01-27,NA
456,Wanship,Utah,BOR,-111.40263,40.787922,1968-10-01,2021-01-27,NA
458,Smith and Morehouse Dam,Utah,BOR,-111.104034,40.76266,2003-01-01,2021-01-27,NA
467,Bor Jordanelle,Utah,BOR,-111.422917,40.599261,1993-02-05,2021-01-27,NA
468,Dixon Canyon,Colorado,BOR,-105.164661,40.589614,1986-05-01,2018-12-18,NA
469,Red Fleet,Utah,BOR,-109.420236,40.577988,1980-05-01,2021-01-25,NA
470,Upper Bor Stillwater,Utah,BOR,-110.701662,40.561752,1989-07-02,2021-01-27,NA
471,Moon Lake,Utah,BOR,-110.489005,40.562222,1974-10-31,2021-01-27,NA
473,Steinaker,Utah,BOR,-109.53125,40.510417,1974-10-01,2021-01-25,NA
477,Deer Creek,Utah,BOR,-111.525821,40.407034,1950-01-01,2021-01-24,NA
481,Carter Lake Dam 1,Colorado,BOR,-105.214853,40.326941,1986-05-01,2018-12-18,NA
487,Shadow Mountain,Colorado,BOR,-105.84375,40.210417,1953-10-01,2018-12-31,NA
488,Bor Starvation,Utah,BOR,-110.444834,40.191264,1969-12-01,2021-01-27,NA
491,Willow Creek,Colorado,BOR,-105.945086,40.147981,2010-01-01,2018-12-18,NA
492,Granby,Colorado,BOR,-105.856013,40.139748,1951-09-01,2021-01-27,NA
493,Soldier Creek,Utah,BOR,-111.028275,40.137146,1974-10-31,2021-01-27,NA
497,Williams Fork,Colorado,DENW,-106.205943,40.03395,1959-07-01,2020-07-26,NA
500,Gross,Colorado,DENW,-105.357859,39.949456,1986-12-25,1956-11-05,NA
502,Green Mountain,Colorado,BOR,-106.329309,39.876756,1951-09-01,2021-01-27,NA
505,Ralston,Colorado,DENW,-105.241537,39.832745,1976-04-01,2020-07-22,NA
506,Scofield,Utah,BOR,-111.12828,39.788265,1972-10-01,2021-01-27,NA
507,Rifle Gap,Colorado,BOR,-107.759375,39.628571,1974-10-30,2021-01-28,NA
508,Marston Lake North Dam,Colorado,DENW,-105.057908,39.624824,1987-08-01,2020-07-26,NA
509,Dillon,Colorado,DENW,-106.060416,39.61875,1989-04-01,2020-07-22,NA
511,Chatfield Dam,Colorado,ACE_OMA,-105.05625,39.55497,1975-06-02,2019-10-01,NA
514,Lahontan,Nevada,BOR_PN,-119.06875,39.460352,1980-01-01,2020-12-31,NA
517,Ruedi,Colorado,BOR ,-106.814496,39.364977,1969-04-01,2021-01-27,NA
518,Joes Valley,Utah,BOR,-111.272992,39.289893,1970-10-01,2021-01-27,NA
519,Sugar Loaf,Colorado,BOR ,-106.371408,39.253663,2010-01-01,2018-12-18,NA
521,Vega,Colorado,BOR,-107.809638,39.222856,1974-10-24,2018-12-18,NA
522,Cheesman,Colorado,DENW,-105.273882,39.210039,1956-10-01,2020-07-29,NA
524,Marlette Lake Dam,Nevada,BOR_PN,-119.90502,39.173654,1980-01-01,2018-09-01,NA
529,Antero,Colorado,DENW,-105.895655,38.989297,1957-05-24,2020-07-29,NA
530,Spinney Mountain,Colorado,AUR,-105.623608,38.97361,1990-01-01,2020-07-28,NA
531,Paonia,Colorado,BOR,-107.350889,38.942351,1974-10-25,2021-01-27,NA
533,Eleven Mile Canyon,Colorado,DENW,-105.478234,38.902254,1997-04-18,2020-07-22,NA
536,Taylor Park,Colorado,BOR ,-106.604289,38.820602,1958-10-01,2021-01-27,NA
537,Crawford,Colorado,BOR,-107.604956,38.68814,1974-10-28,2021-01-27,NA
541,Blue Mesa,Colorado,BOR,-107.333611,38.45367,1965-11-30,2021-01-27,NA
542,Morrow Point,Colorado,BOR,-107.53435,38.451537,1968-03-31,2021-01-27,NA
544,New Spicer Meadow,California,CDEC,-119.997266,38.393724,1992-05-31,2021-01-01,NA
545,Donnells,California,BOR,-119.958792,38.331332,1980-01-01,2020-12-31,NA
546,Bridgeport,California,USGS,-119.212814,38.325225,1980-01-01,2020-12-31,NA
548,Relief,California,CDEC,-119.732871,38.279987,1992-05-31,2020-12-31,NA
549,Silver Jack,Colorado,BOR,-107.540387,38.230238,1973-08-01,2018-12-18,NA
551,Main Strawberry,California,BOR,-119.985074,38.197774,1992-05-31,2020-12-31,NA
554,Cherry Valley,California,CDEC,-119.910579,37.977502,1980-01-01,2020-12-31,NA
555,Lake Eleanor,California,CDEC,-119.880383,37.974799,1980-01-01,2021-01-01,NA
557,O'Shaughnessy,California,CDEC,-119.787927,37.949378,1980-01-01,2020-12-31,NA
567,McPhee,Colorado,BOR,-108.571436,37.578215,1984-03-20,2021-01-27,NA
572,Jackson Gulch,Colorado,BOR,-108.273317,37.399487,1960-01-01,2021-01-27,NA
574,Lemon,Colorado,BOR,-107.659343,37.382549,1963-12-13,2021-01-28,NA
575,Vallecito,Colorado,BOR,-107.572064,37.377799,1941-05-03,2021-01-27,NA
578,Platoro,Colorado,BOR,-106.545704,37.350215,2016-03-10,2021-01-27,NA
580,Crane Val Stor,California,CDEC,-119.527037,37.293805,2020-01-01,2020-12-31,NA
585,Buchanan Dam,California,CDEC,-119.984278,37.219517,1985-01-01,2021-01-01,NA
592,Hidden Dam,California,CDEC,-119.881035,37.110637,1985-01-01,2021-01-01,NA
593,Courtright,California,CDEC,-118.973044,37.081222,1998-09-01,2020-12-31,NA
595,Friant,California,BOR,-119.702082,37.002085,1985-01-01,2020-12-31,NA
597,Glen Canyon,Arizona,BOR,-111.485228,36.939635,1963-03-11,2021-01-27,NA
600,Pine Flat Dam,California,CDEC,-119.321848,36.831978,1985-01-01,2021-01-01,NA
601,Navajo,New Mexico,BOR,-107.609481,36.801492,1962-06-26,2021-01-27,NA
603,Heron,New Mexico,BOR,-106.70481,36.666231,1974-12-31,2021-01-27,NA
604,El Vado Reservoir Dam,New Mexico,BOR,-106.732989,36.594947,1974-12-31,2021-01-28,NA
605,Terminus Dam,California,CDEC,-119.001457,36.418267,1985-01-01,2021-01-01,NA
606,Abiquiu Dam,New Mexico,BOR,-106.42863,36.237769,1974-01-02,2021-01-27,NA
609,Success Dam,California,CDEC,-118.92174,36.062301,1988-01-04,2021-01-01,NA
610,Hoover,Nevada,BOR,-114.735006,36.018191,1934-04-01,2021-01-28,NA
612,Isabella Dam,California,CDEC,-118.481266,35.648325,1985-01-01,2021-01-01,NA
613,Cochiti,New Mexico,BOR,-106.317485,35.61975,1970-10-01,2021-01-27,NA
614,Jemez Canyon Dam,New Mexico,BOR,-106.548993,35.394321,1974-01-02,2021-01-27,NA
616,Davis Bor,Arizona,BOR,-114.572791,35.20227,1949-03-01,2021-01-28,NA
619,Pyramid,California,CDEC,-118.764728,34.645013,2007-04-30,2020-12-31,NA
620,Bradbury,California,CDEC,-119.979533,34.585417,2005-01-07,2020-12-31,NA
624,Castaic,California,CDEC,-118.605333,34.520378,2007-04-30,2020-12-31,NA
625,Santa Felicia,California,USGS,-118.753391,34.462147,1980-01-01,2020-12-31,NA
627,Lyman,Arizona,USGS,-109.380173,34.368424,1980-01-01,2020-12-31,NA
629,Parker,Arizona,BOR,-114.138725,34.29867,1935-01-02,2021-01-28,NA
640,Horseshoe,Arizona,USGS,-111.710417,33.985427,1980-01-01,2020-12-31,NA
643,Perris,California,CDEC,-117.182292,33.844532,1979-12-01,2020-12-31,NA
644,Bartlett,Arizona,USGS,-111.629844,33.817207,1980-01-01,2020-12-31,NA
648,Diamond Valley Lake,California,CDEC,-117.063342,33.668795,1999-10-01,2020-12-31,NA
654,Vail,California,USGS,-116.975529,33.496395,1980-01-01,2020-12-31,NA
656,Coolidge,Arizona,USGS,-110.522895,33.176265,1980-01-01,2020-12-31,NA
657,Elephant Butte Dike,New Mexico,BOR,-107.189253,33.156049,2015-03-21,2021-01-28,NA
664,Caballo,New Mexico,BOR,-107.293998,32.898365,1938-02-08,2021-01-27,NA
725,Rafferty,"Saskatchewan, CAN",CAN,-103.09456,49.151575,1998-03-01,2019-12-31,NA
726,Boundary,"Saskatchewan, CAN",CAN,-103.01997,49.096083,1958-04-02,2019-12-31,NA
740,Lower Red Lake Dam,Minnesota,ACE_MIS,-95.272214,47.956032,1965-01-01,2020-12-31,NA
744,Birch Lake,Minnesota,MIN,-91.784897,47.813354,2004-01-01,2021-03-03,NA
753,Garrison Dam,North Dakota,ACE_OMA,-101.432292,47.50613,1953-12-01,2019-10-01,NA
758,Winnibigoshish Dam,Minnesota,ACE_STP,-94.053087,47.428657,2019-06-26,2020-07-03,NA
761,Upper Rice Lake,Minnesota,MIN,-95.314536,47.380974,2021-01-01,2020-12-31,NA
762,Prairie River,Minnesota,MIN,-93.502526,47.287092,1997-06-25,2021-03-02,NA
763,Whiteface Lake,Minnesota,MIN,-92.189105,47.282541,2021-01-01,2020-12-31,NA
767,Leech Lake Dam,Minnesota,ACE_STP,-94.223518,47.251782,1930-01-01,2020-07-05,NA
768,Pokegama Lake Dam,Minnesota,ACE_STP,-93.588285,47.251326,1935-01-01,2020-07-05,NA
773,Boulder Lake,Minnesota,MIN,-92.203247,47.053208,2021-01-01,2020-12-31,NA
774,Baldhill,North Dakota,ACE_STP,-98.079898,47.036297,1951-05-06,2020-12-31,NA
775,Island Lake,Minnesota,MIN,-92.225209,46.992107,2021-01-01,2020-12-31,NA
777,Pipestem Dam,North Dakota,BOR ,-98.751547,46.96493,1974-03-05,2018-12-18,NA
778,Fish Lake,Minnesota,MIN,-92.276042,46.9555,2021-01-01,2020-12-31,NA
780,Jamestown,North Dakota,BOR,-98.709425,46.932526,1954-02-01,2018-12-18,NA
784,Dickinson,North Dakota,BOR,-102.828566,46.867223,1952-05-12,2018-12-18,NA
789,Sandy Lake Dam and Lock,Minnesota,ACE_STP,-93.321528,46.783615,2019-06-26,2020-07-04,NA
792,Pine River Dam,Minnesota,ACE_STP,-94.112119,46.670135,1995-09-01,2020-07-03,NA
798,Heart Butte Dike,North Dakota,BOR,-101.812192,46.596531,1949-10-05,2018-12-18,NA
806,Gull Lake,Minnesota,ACE_STP,-94.358021,46.414653,1930-01-01,2020-07-05,NA
827,Bowman-Haley,North Dakota,ACE_OMA,-103.248588,45.9813,1967-03-03,2019-10-01,NA
830,Chippewa Reservoir,Wisconsin,ACE_STP,-91.071875,45.891129,1965-01-04,2020-07-05,NA
836,Browns Valley Dike,Minnesota,DUKE,-96.639471,45.767747,1942-04-01,2013-08-28,NA
837,Shadehill Dike 1,South Dakota,BOR,-102.203155,45.751107,1952-04-01,2017-12-19,NA
854,Highway 75 Dam,Minnesota,DUKE,-96.291375,45.23921,1983-10-01,2013-08-28,NA
858,Marsh Lake Dam,Minnesota,ACE_STP,-96.091121,45.174204,1940-03-28,2020-07-05,NA
861,Lac Qui Parle Dam,Minnesota,ACE_STP,-95.874081,45.02737,1940-03-15,2020-12-31,NA
868,Belle Fourche,South Dakota,BOR,-103.677318,44.735438,1977-10-01,2018-12-18,NA
870,Oahe Dam,South Dakota,ACE_OMA,-100.39797,44.456316,1967-01-02,2019-10-01,NA
872,Keyhole,Wyoming,BOR,-104.78125,44.379972,1952-04-01,2018-12-18,NA
882,Pactola,South Dakota,BOR ,-103.490625,44.072917,1956-08-22,2018-12-18,NA
884,Big Bend Dam,South Dakota,ACE_OMA,-99.448646,44.039785,1963-08-01,2019-10-01,NA
885,Deerfield,South Dakota,BOR,-103.786348,44.027173,1953-04-01,2018-12-18,NA
893,Angostura,South Dakota,BOR,-103.435489,43.342073,1952-04-01,2018-12-18,NA
895,Gavins Point Dam,South Dakota,ACE_OMA,-97.483244,42.850337,1955-08-01,2019-10-01,NA
897,Merritt,Nebraska,BOR,-100.872917,42.631243,1993-05-31,2020-05-05,NA
898,Glendo,Wyoming,BOR,-104.953299,42.48023,1957-10-17,2018-12-18,NA
899,Box Butte,Nebraska,BOR,-103.077233,42.460003,1991-10-31,2020-05-05,NA
901,Guernsey,Wyoming,BOR,-104.766214,42.289933,1999-09-10,2020-05-05,NA
903,Lake Alice 1,Nebraska,BOR ,-103.625454,41.992166,1990-04-21,2018-12-18,NA
904,Minatare,Nebraska,BOR,-103.493827,41.91949,1990-09-30,2018-12-18,NA
905,Calamus Dam,Nebraska,BOR,-99.210417,41.835725,1993-05-31,2020-05-05,NA
907,Coralville Dam,Iowa,ACE_ROCK,-91.531121,41.727526,1958-01-01,2020-12-31,NA
908,Hawk Springs,Wyoming,WSE,-104.193569,41.714582,1985-01-28,2016-09-30,NA
910,Davis Creek Dam,Nebraska,BOR,-98.74837,41.416301,1993-01-31,2020-05-05,NA
911,Red Rock Dam,Iowa,ACE_ROCK,-92.982345,41.369935,1969-03-20,2020-12-31,NA
913,Kingsley,Nebraska,CNPPID,-101.67338,41.214586,1942-01-01,2020-07-21,NA
919,Branched Oak Dam,Nebraska,ACE_OMA,-96.853979,40.970589,1969-04-02,2019-10-01,NA
920,Jeffrey Reg Dam,Nebraska,CNPPID,-100.403511,40.958721,1942-01-01,2020-07-21,NA
924,Rathbun Dam,Iowa,ACE_KAN,-92.881377,40.831517,1967-09-28,2020-12-31,NA
929,Johnson Lake Dam,Nebraska,CNPPID,-99.843679,40.677414,1964-01-01,NA,NA
931,Elwood Dam,Nebraska,CNPPID,-99.853071,40.634268,1998-06-21,2020-07-21,NA
936,Enders,Nebraska,BOR,-101.51979,40.422802,1950-10-23,2018-12-18,NA
938,Medicine Creek,Nebraska,BOR,-100.219447,40.378902,1949-12-04,2018-12-18,NA
939,Red Willow,Nebraska,BOR,-100.666251,40.360837,1962-10-01,2018-12-18,NA
947,Trenton,Nebraska,BOR,-101.065857,40.168713,2010-01-01,2018-12-18,NA
948,Harlan County Dam,Nebraska,BOR,-99.21467,40.072869,1992-10-04,2018-12-18,NA
952,Lovewell,Kansas,BOR,-98.028963,39.886843,1976-01-01,2018-12-18,NA
953,Norton,Kansas,BOR ,-99.93575,39.805524,1964-07-11,2018-12-18,NA
955,Long Branch Dam,Missouri,ACE_KAN,-92.517382,39.753459,1980-01-01,2020-12-31,NA
956,Kirwin,Kansas,BOR ,-99.127083,39.659702,1976-01-01,2018-12-18,NA
957,Cherry Creek Dam,Colorado,ACE_OMA,-104.8599,39.646658,1957-01-02,2019-10-01,NA
958,Bonny,Colorado,BOR,-102.174556,39.621971,1950-10-01,2018-12-18,NA
961,Clarence Cannon Dam,Missouri,ACE_STL,-91.648475,39.526146,1980-01-01,2020-12-31,NA
962,Glen Elder,Kansas,BOR,-98.318864,39.473081,2010-01-01,2018-12-18,NA
963,Webster,Kansas,BOR,-99.424609,39.40559,2010-01-01,2018-12-18,NA
964,Smithville Dam,Missouri,ACE_KAN,-94.554967,39.398007,1979-12-01,2020-12-31,NA
965,Tuttle Creek Dam,Kansas,ACE_KAN,-96.59375,39.260417,1959-07-21,2020-12-31,NA
967,Perry Dam,Kansas,ACE_KAN,-95.432391,39.111675,1971-01-01,2020-12-31,NA
968,Milford Dam,Kansas,ACE_KAN,-96.899609,39.078243,1965-01-01,2020-12-31,NA
969,Blue Springs Dam,Missouri,DUKE,-94.335427,39.014258,1988-10-01,2015-09-30,NA
972,Wilson Dam,Kansas,ACE_KAN,-98.49375,38.963636,1963-09-04,2020-12-31,NA
974,Longview Dam,Missouri,DUKE,-94.465654,38.92201,1985-09-15,2015-09-30,NA
975,Clinton Dam,Kansas,ACE_KAN,-95.331348,38.91875,1978-01-01,2020-12-31,NA
976,Cedar Bluff,Kansas,BOR,-99.72388,38.785402,1976-01-01,2018-12-18,7/22/93
978,Council Grove City Dam,Kansas,ACE_TUL,-96.553129,38.676363,1979-10-01,2020-12-31,7/22/93
979,Hillsdale Dam,Kansas,ACE_KAN,-94.902775,38.657411,1980-01-01,2020-12-31,NA
980,Pomona Dam,Kansas,ACE_KAN,-95.557488,38.653448,1962-07-20,2020-12-31,NA
981,Kanopolis Dam,Kansas,ACE_KAN,-97.966322,38.609095,1949-01-01,2020-12-31,NA
982,Melvern Dam,Kansas,DUKE,-95.715718,38.51407,1970-10-03,2015-09-30,NA
983,Marion Lake,Kansas,ACE_TUL,-97.08315,38.370716,1979-10-01,2020-12-31,NA
987,Pueblo,Colorado,BOR,-104.727382,38.272917,1974-05-15,2018-12-18,NA
989,Harry S. Truman Dam,Missouri,DUKE,-93.40625,38.264873,1977-08-01,2015-09-30,NA
991,John Redmond Lake,Kansas,ACE_TUL,-95.764794,38.239796,1979-10-01,2020-12-31,NA
993,Bagnell Dam,Missouri,AME,-92.627083,38.20625,1987-01-01,2007-12-31,NA
998,John Martin Dam,Colorado,ACE_OMA,-102.939585,38.064582,1980-01-01,2020-12-31,NA
1000,Pomme de Terre Dam,Missouri,ACE_KAN,-93.321703,37.897187,1960-06-30,2020-12-31,NA
1001,El Dorado Lake,Kansas,DUKE,-96.813814,37.840623,1979-10-03,2015-09-30,NA
1003,Toronto Lake,Kansas,DUKE,-95.921996,37.741526,1979-10-01,2015-09-30,NA
1005,Cheney,Kansas,BOR,-97.802083,37.723975,1990-10-18,2018-12-18,NA
1006,Stockton Dam,Missouri,DUKE,-93.76875,37.689583,1968-10-01,2015-09-30,NA
1007,Fall River Lake,Kansas,DUKE,-96.06875,37.649318,1979-10-01,2015-09-30,NA
1014,Big Hill Lake,Kansas,ACE_TUL,-95.464466,37.2693,1980-01-01,2020-12-31,NA
1016,Trinidad,Colorado,ACE_ALB,-104.552901,37.142426,1980-01-01,2020-12-31,NA
1017,Clearwater Dam,Missouri,ACE_LIT,-90.774448,37.136323,1936-01-01,2020-02-18,NA
1019,Wappapello Dam,Missouri,ACE_STL,-90.282381,36.931986,1941-04-01,2020-12-31,NA
1020,Copan Lake,Oklahoma,DUKE,-95.972917,36.886385,1980-01-01,2015-09-30,NA
1021,Great Salt Plains Lake,Oklahoma,DUKE,-98.140473,36.747179,1980-07-18,2015-09-30,NA
1023,Kaw Lake,Oklahoma,DUKE,-96.927032,36.702154,1979-10-01,2015-09-30,NA
1026,Table Rock Dam,Missouri,ACE_LIT,-93.311648,36.597936,1940-01-02,2020-02-18,NA
1027,Fort Supply Lake,Oklahoma,DUKE,-99.565839,36.550855,1979-10-01,2015-09-30,NA
1028,Birch Lake,Oklahoma,DUKE,-96.161815,36.530647,1979-10-01,2015-09-30,NA
1032,Oologah Lake,Oklahoma,DUKE,-95.679416,36.424078,1979-10-01,2015-09-30,NA
1033,Beaver,Arkansas,ACE_LIT,-93.849219,36.422916,1972-12-01,2020-02-18,NA
1034,Spavinaw,Oklahoma,USGS,-95.046645,36.384733,2005-10-01,2020-12-31,NA
1035,Eucha,Oklahoma,USGS,-94.933731,36.375383,1980-01-01,2020-12-31,NA
1036,Bull Shoals,Arkansas,ACE_LIT,-92.572917,36.365385,1937-01-01,2020-02-18,NA
1042,Norfork,Arkansas,ACE_LIT,-92.238377,36.252069,1945-01-02,2020-02-18,NA
1044,Robert S. Kerr Dam,Oklahoma,USGS,-95.180265,36.231263,1980-01-01,2020-12-31,NA
1048,Keystone Lake,Oklahoma,DUKE,-96.25625,36.152083,1979-10-01,2015-09-30,NA
1050,Canton Lake,Oklahoma,ACE_TUL,-98.602083,36.085762,1979-10-01,2020-12-31,NA
1051,Newt Graham Lock and Dam,Oklahoma,DUKE,-95.539797,36.059869,1979-10-01,1994-10-31,NA
1053,Fort Gibson Lake,Oklahoma,DUKE,-95.232292,35.870603,1979-10-01,2015-09-30,NA
1055,Sanford Dam,Texas,BOR,-101.553663,35.713078,1967-10-01,2018-12-31,NA
1060,Tenkiller Lake,Oklahoma,ACE_TUL,-95.037008,35.595392,1979-10-01,2020-12-31,NA
1063,Foss,Oklahoma,BOR,-99.186521,35.543961,1988-04-01,2018-12-18,NA
1067,Greers Ferry,Arkansas,ACE_LIT,-91.992829,35.520559,1962-01-02,2020-02-18,NA
1068,Overholser,Oklahoma,USGS,-97.668076,35.487041,1980-01-01,2020-12-31,NA
1070,Conchas Dam,New Mexico,DUKE,-104.191262,35.40124,1991-01-01,2015-09-30,NA
1073,Ute Dam,New Mexico,USGS,-103.44804,35.351627,1980-01-01,2020-12-31,NA
1075,Robert S. Kerr Lock and Dam,Oklahoma,DUKE,-94.778828,35.346223,1979-10-01,1994-10-31,NA
1077,Eufaula Lake,Oklahoma,ACE_TUL,-95.357937,35.307952,1979-10-01,2020-12-31,NA
1078,Dardanelle Lock and Dam,Arkansas,DUKE,-93.172917,35.251912,1989-01-01,2015-12-31,NA
1080,Norman,Oklahoma,BOR,-97.219506,35.223344,1990-10-31,2018-12-18,NA
1081,Fort Cobb,Oklahoma,BOR,-98.456255,35.164589,1990-10-31,2018-12-18,NA
1084,Blue Mountain,Arkansas,ACE_LIT,-93.651042,35.102957,1947-03-01,2020-02-18,NA
1086,Santa Rosa Dam,New Mexico,BOR,-104.688235,35.02896,1940-01-01,2018-12-18,NA
1092,Nimrod,Arkansas,ACE_LIT,-93.16166,34.95283,1944-01-02,2020-02-18,NA
1093,Wister Lake,Oklahoma,DUKE,-94.719351,34.939583,1979-10-01,2015-09-30,NA
1095,Altus,Oklahoma,BOR,-99.29375,34.889583,1988-02-01,2018-12-18,NA
1101,Arkabutla Dam,Mississippi,ACE_VIC,-90.122793,34.756146,1964-01-01,2019-12-31,NA
1109,Sumner,New Mexico,BOR,-104.387881,34.608174,1965-10-01,2021-01-28,NA
1112,Blakely Mountain Dam,Arkansas,ACE_VIC,-93.195081,34.574105,1961-01-01,2019-12-31,NA
1117,Arbuckle Dike 1,Oklahoma,BOR,-97.026426,34.435509,1990-10-31,2018-12-18,NA
1119,McGee Creek,Oklahoma,BOR,-95.872801,34.315301,1987-04-01,2020-05-05,NA
1120,Waurika Lake,Oklahoma,DUKE,-98.05608,34.239978,1979-10-01,2015-09-30,NA
1121,Degray Dam,Arkansas,ACE_VIC,-93.110417,34.216058,1972-01-01,2019-12-31,NA
1122,Gillham,Arkansas,ACE_LIT,-94.228715,34.211828,1936-07-01,2020-02-18,NA
1123,Broken Bow Lake,Oklahoma,ACE_TUL,-94.684146,34.147952,1979-10-01,2020-12-31,NA
1124,Dierks,Arkansas,DUKE,-94.09561,34.145695,1972-12-01,2020-02-18,NA
1125,Narrows Dam,Arkansas,ACE_VIC,-93.716351,34.149561,1972-01-01,2019-12-31,NA
1127,Dequeen,Arkansas,ACE_LIT,-94.381595,34.099584,1973-08-01,2020-02-18,NA
1128,Hugo Lake,Oklahoma,DUKE,-95.382598,34.011291,1994-11-01,2015-09-30,NA
1134,Pat Mayse Lake,Texas,DUKE,-95.557174,33.85427,1979-10-01,2015-10-31,NA
1135,Denison Dam,Oklahoma,TWDB,-96.573487,33.822946,1979-10-01,2020-12-31,NA
1139,Lake Arrowhead Dam,Texas,TWDB,-98.360383,33.762939,1967-06-02,2020-12-31,NA
1140,Lake Kemp Dam,Texas,TWDB,-99.148818,33.754876,1949-10-02,2020-12-31,NA
1144,Millwood Dam,Arkansas,DUKE,-93.965625,33.694799,1989-01-01,2015-12-31,NA
1145,Lake Kickapoo Dam,Texas,TWDB,-98.778238,33.660121,1946-02-01,2020-12-31,NA
1151,Ray Roberts Dam,Texas,ACE_FOR,-97.052189,33.356409,1987-06-30,2020-05-17,NA
1152,Jim Chapman Lake,Texas,TWDB,-95.627112,33.327054,1980-01-01,2020-12-31,NA
1153,Wright Patman Dam and Lake,Texas,ACE_FOR,-94.161536,33.306363,1954-01-01,2020-05-26,NA
1164,Lewisville Dam,Texas,TWDB,-96.969792,33.069896,1954-11-01,2020-12-31,NA
1170,Lavon Dam,Texas,DUKE,-96.469792,33.033002,1954-09-14,2015-09-30,NA
1171,Grapevine Dam,Texas,TWDB,-97.057957,32.972572,1952-07-02,2020-12-31,NA
1176,Morris Sheppard,Texas,TWDB,-98.428696,32.869311,1941-03-22,2020-12-31,NA
1181,Iron Bridge Dam,Texas,TWDB,-95.91465,32.814655,1960-10-02,2020-12-31,NA
1182,Lake Fork Dam,Texas,TWDB,-95.531853,32.811369,1979-10-02,2020-12-31,NA
1183,Rockwall Forney Dam,Texas,TWDB,-96.501952,32.802749,1980-01-01,2020-12-31,NA
1186,Ferrells Bridge Dam,Texas,TWDB,-94.506269,32.752105,1957-08-23,2020-12-31,NA
1188,Mountain Creek Dam,Texas,TWDB,-96.94375,32.730483,1960-10-02,2020-12-31,NA
1192,Caddo Dam,Louisiana,ACE_VIC,-93.916361,32.707095,1932-07-11,2020-07-13,NA
1194,Benbrook Lake,Texas,TWDB,-97.455208,32.651213,1952-10-02,2020-12-31,NA
1197,Joe Pool Lake,Texas,DUKE,-96.988542,32.642259,1986-01-06,2015-09-30,NA
1202,Brantley,New Mexico,BOR,-104.378655,32.549683,1988-01-01,2021-01-28,NA
1207,Ross Barnett Reservoir,Mississippi,PRVWD,-90.063542,32.398735,1965-01-01,2020-09-30,NA
1216,Squaw Creek Dam,Texas,TWDB,-97.760779,32.294346,1980-01-01,2020-12-31,NA
1218,Lake Pat Cleburne Dam,Texas,TWDB,-97.427188,32.285598,1980-01-01,2020-12-31,NA
1220,Bardwell Lake,Texas,TWDB,-96.647908,32.252524,1965-11-02,2020-12-31,NA
1231,Blackburn Crossing Dam,Texas,TWDB,-95.432925,32.058212,1962-02-02,2020-12-31,NA
1236,Proctor Lake,Texas,ACE_FOR,-98.478125,31.973949,1963-02-01,2020-12-31,NA
1237,Navarro Mills Dam,Texas,ACE_FOR,-96.698596,31.953148,1981-09-30,2020-05-17,NA
1242,Red Bluff Dam,Texas,TWDB,-103.911505,31.906225,1937-02-01,2020-12-31,NA
1243,Robert Lee Dam,Texas,TWDB,-100.519321,31.90205,1968-12-02,2020-12-31,NA
1245,Aquilla Lake,Texas,TWDB,-97.207292,31.899559,1980-01-01,2020-12-31,NA
1247,Whitney Lake,Texas,TWDB,-97.370431,31.869948,1952-01-02,2020-12-31,NA
1249,Hords Creek Dam,Texas,ACE_FOR,-99.561775,31.834514,1948-04-11,2020-05-17,NA
1254,Waco Lake,Texas,ACE_FOR,-97.198025,31.57696,1965-02-26,2020-05-17,NA
1257,Simon Freese Dam,Texas,TWDB,-99.669008,31.502318,1980-01-01,2020-12-31,NA
1258,O.C. Fisher Dam,Texas,ACE_FOR,-100.482578,31.485411,1975-01-01,2020-05-17,NA
1262,Nasworthy Dam,Texas,BOR,-100.478543,31.386193,1988-05-01,2020-05-05,NA
1263,Twin Buttes,Texas,BOR,-100.523438,31.367842,1962-10-02,2021-01-29,NA
1266,Sterling C. Robertson Dam,Texas,TWDB,-96.330328,31.327812,1978-12-01,2020-12-31,NA
1271,Brady Dam,Texas,TWDB,-99.387001,31.138818,1963-05-02,2020-12-31,NA
1273,Belton Dam,Texas,TWDB,-97.473818,31.110239,1954-03-02,2020-12-31,NA
1275,Sam Rayburn Dam And Reservoir,Texas,ACE_FOR,-94.106215,31.064744,1965-03-28,2020-05-16,NA
1277,Stillhouse-Hollow Dam,Texas,TWDB,-97.532714,31.023437,1966-09-02,2020-12-31,NA
1279,Town Bluff Dam,Texas,TWDB,-94.17438,30.799546,1951-05-02,2020-12-31,NA
1280,Buchanan Dam,Texas,LCRA,-98.415803,30.757588,1943-07-01,2020-05-31,NA
1283,Roy Inks Dam,Texas,LCRA,-98.380208,30.73233,1991-12-01,2020-05-31,NA
1285,Granger Dam,Texas,TWDB,-97.337077,30.690415,1980-01-01,2020-12-31,NA
1286,North San Gabriel Dam,Texas,TWDB,-97.727235,30.669258,1980-01-01,2020-12-31,NA
1287,Livingston Dam,Texas,TWDB,-95.015625,30.632678,1968-10-02,2020-12-31,NA
1291,Alvin Wirtz Dam,Texas,LCRA,-98.340775,30.56016,1991-12-01,2020-05-31,NA
1292,Max Starcke Dam,Texas,LCRA,-98.257643,30.557553,1951-08-01,2021-01-29,NA
1294,Mansfield Dam,Texas,LCRA,-97.905713,30.393211,1943-07-01,2020-05-31,NA
1296,Somerville Dam,Texas,ACE_FOR,-96.523958,30.314583,1966-02-02,2020-12-31,NA
1297,Tom Miller Dam,Texas,LCRA,-97.786268,30.295339,1991-12-01,2020-05-31,NA
1302,Canyon Lake,Texas,TWDB,-98.19971,29.871728,1962-07-25,2020-12-31,NA
1315,Coleto Creek Dam,Texas,TWDB,-97.170278,28.735417,1980-01-01,2020-12-31,NA
1316,Choke Canyon,Texas,BOR,-98.245154,28.484779,1980-01-01,2020-12-31,NA
1317,Wesley E. Seale Dam,Texas,BOR,-97.869086,28.047561,1948-09-01,2020-12-31,NA
1585,Beltzville Dam,Pennsylvania,ACE_PHI,-75.637744,40.84943,1987-10-01,2017-03-19,7/1/2010 - 3/19/2017
1586,J. Edward Roush Lake Dam,Indiana,ACE_LOU,-85.467105,40.846824,1969-01-01,2020-01-21,NA
1587,Salamonie Lake Dam,Indiana,ACE_LOU,-85.675829,40.806373,1967-01-01,2020-01-21,NA
1592,Mississinewa Lake Dam,Indiana,ACE_LOU,-85.955208,40.714103,1967-11-01,2020-01-21,NA
1595,Lake Mohawk Dam,Ohio,ACE_HUN,-81.193735,40.672896,1962-01-01,2017-11-26,NA
1600,Pleasant Hill Dam,Ohio,ACE_HUN,-82.324353,40.624274,2000-09-21,2017-11-26,NA
1606,Atwood Dam,Ohio,ACE_HUN,-81.277152,40.523591,1962-01-01,2017-11-26,NA
1615,Blue Marsh Dam,Pennsylvania,ACE_PHI,-76.034375,40.382474,1987-10-01,2017-03-19,NA
1617,Tappan Dam,Ohio,ACE_HUN,-81.225946,40.356622,1986-12-31,2017-11-26,NA
1619,Clendening Dam,Ohio,ACE_HUN,-81.279319,40.270656,1962-01-01,2017-11-26,NA
1620,Piedmont Dam,Ohio,ACE_HUN,-81.218352,40.191827,1986-12-31,2017-11-26,NA
1631,Dillon Dam,Ohio,ACE_HUN,-82.081891,39.99397,1962-01-01,2017-11-26,NA
1634,Clarence J. Brown Dam,Ohio,ACE_LOU,-83.746098,39.951705,1963-03-01,2020-01-21,NA
1636,Senecaville Dam,Ohio,ACE_HUN,-81.433961,39.924326,1962-01-01,2017-11-26,NA
1645,Cecil M. Harden Lake Dam,Indiana,ACE_LOU,-87.067708,39.720158,1960-09-01,2020-01-21,NA
1650,Tom Jenkins Dam,Ohio,ACE_HUN,-82.056248,39.539648,1986-12-31,2017-11-26,NA
1654,Cagles Mill Lake Dam,Indiana,ACE_LOU,-86.914583,39.486722,1953-03-01,2020-01-21,NA
1655,Caesar Creek Lake Dam,Ohio,ACE_LOU,-84.059259,39.485819,1978-01-01,2020-01-21,NA
1656,Brookville Lake Dam,Indiana,ACE_LOU,-84.996875,39.44049,1974-01-01,2020-01-21,NA
1659,Lake Shelbyville Dam,Illinois,ACE_STL,-88.777006,39.410509,1980-01-01,2018-09-01,NA
1683,William H. Harsha Lake Dam,Ohio,ACE_LOU,-84.146664,39.021119,1977-12-01,2020-01-22,NA
1684,Monroe Lake Dam,Indiana,ACE_LOU,-86.50046,39.007857,1965-02-01,2020-01-21,NA
1691,Burnsville Lake Dam,West Virginia,ACE_HUN,-80.617632,38.840775,1986-01-01,2017-11-26,NA
1699,Sutton Dam,West Virginia,ACE_HUN,-80.690625,38.661883,1961-01-01,2017-11-26,NA
1703,Patoka Lake Dam,Indiana,ACE_LOU,-86.706038,38.433971,1977-09-01,2020-01-21,NA
1706,Beech Fork Lake Dam,West Virginia,ACE_HUN,-82.413806,38.301903,1962-01-01,2017-11-26,NA
1707,Grayson Dam,Kentucky,ACE_HUN,-82.984298,38.251318,1968-01-01,2017-11-26,NA
1709,Summersville Dam,West Virginia,ACE_HUN,-80.890208,38.224185,1967-01-01,2017-11-26,NA
1712,East Lynn Dam,West Virginia,ACE_HUN,-82.386678,38.142806,1972-03-01,2017-11-26,NA
1713,Yatesville Dam,Kentucky,ACE_HUN,-82.696959,38.125451,2000-06-13,2017-11-26,NA
1714,Cave Run Lake Dam,Kentucky,ACE_LOU,-83.530932,38.114969,1974-02-01,2020-01-21,NA
1716,Rend Lake Dam,Illinois,DUKE,-88.968937,38.037374,1971-01-16,2016-04-20,NA
1718,Taylorsville Lake Dam,Kentucky,ACE_LOU,-85.302083,38.002023,1983-02-28,2020-01-21,NA
1723,Paintsville Dam,Kentucky,ACE_HUN,-82.871875,37.840562,1986-12-31,2017-11-26,NA
1726,Dewey Dam,Kentucky,ACE_HUN,-82.725985,37.734423,1962-01-01,2017-11-27,NA
1732,Rough River Lake Dam,Kentucky,ACE_LOU,-86.500231,37.61843,1959-06-01,2020-01-21,NA
1733,R.D. Bailey Dam,West Virginia,ACE_HUN,-81.8213,37.600451,1980-02-01,2017-11-26,NA
1735,Fishtrap Dam,Kentucky,ACE_HUN,-82.405835,37.42702,1969-01-01,2017-11-27,NA
1739,Buckhorn Lake Dam,Kentucky,ACE_LOU,-83.469937,37.338027,1960-04-01,2020-01-22,NA
1740,Nolin Lake Dam,Kentucky,ACE_LOU,-86.246529,37.278458,1963-03-01,2020-01-22,NA
1741,Green River Lake Dam,Kentucky,ACE_LOU,-85.339277,37.247917,1969-02-01,2020-01-21,NA
1742,John W. Flannagan Dam,Virginia,ACE_HUN,-82.347917,37.231204,1965-01-01,2017-11-26,NA
1744,Carr Creek Lake Dam,Kentucky,ACE_LOU,-83.031211,37.22716,1976-01-01,2020-01-22,NA
1752,Barkley Dam,Kentucky,ACE_NAS,-88.218748,37.018747,1964-07-04,2019-11-17,NA
1753,Kentucky,Kentucky,TVA,-88.268652,37.010296,1944-08-31,2020-05-31,NA
1754,Laurel Dam,Kentucky,ACE_NAS,-84.267474,36.959995,1974-08-07,2019-11-17,NA
1755,Barren River Lake Dam,Kentucky,ACE_LOU,-86.122475,36.893486,1964-05-01,2020-01-22,NA
1756,Wolf Creek,Kentucky,ACE_NAS,-85.14375,36.867817,1950-08-31,2019-11-17,NA
1758,Philpott Dam,Virginia,ACE_WIL,-80.028689,36.782001,1951-12-01,2020-12-31,NA
1761,John H. Kerr Dam,Virginia,DUKE,-78.294784,36.59626,1952-07-01,2020-06-30,NA
1762,Dale Hollow Dam,Tennessee,ACE_NAS,-85.450254,36.538312,1946-01-02,2019-11-17,NA
1763,South Holston,Tennessee,TVA,-82.085291,36.523027,1950-11-21,2019-12-06,NA
1765,Boone,Tennessee,TVA,-82.434375,36.438918,1952-12-17,2019-12-05,NA
1767,Watauga,Tennessee,TVA,-82.121993,36.3216,1948-12-02,2019-12-06,NA
1768,Old Hickory Dam,Tennessee,ACE_NAS,-86.658869,36.29189,1954-06-02,2019-11-17,NA
1770,Norris,Tennessee,TVA,-84.09268,36.227217,1935-10-02,2019-12-05,NA
1774,Cherokee Saddle Dam 1,Tennessee,TVA,-83.497532,36.164256,1941-12-06,2019-12-05,NA
1775,J. Percy Priest Dam,Tennessee,ACE_NAS,-86.617997,36.155261,1967-09-02,2019-11-17,NA
1776,W. Kerr Scott Dam,North Carolina,DUKE,-81.228204,36.132374,1962-10-01,2020-06-30,NA
1777,Center Hill Dam,Tennessee,ACE_NAS,-85.82558,36.096527,1948-08-11,2019-11-17,NA
1781,Douglas,Tennessee,TVA,-83.534322,35.96336,1943-02-19,2019-12-06,NA
1782,Falls Lake Dam,North Carolina,DUKE,-78.582442,35.945046,1983-12-01,2020-06-30,NA
1783,Melton Hill,Tennessee,TVA,-84.296716,35.882789,1962-01-02,2019-12-05,NA
1786,Oxford,North Carolina,DUKE_ENE,-81.194332,35.821759,2007-01-01,2020-09-17,NA
1787,Great Falls,Tennessee,TVA,-85.621457,35.801042,1938-10-02,2019-12-06,NA
1788,Tellico,Tennessee,TVA,-84.239583,35.789583,1981-01-01,2019-12-06,NA
1789,Rhodhiss,North Carolina,DUKE_ENE,-81.439986,35.772803,2007-01-01,2020-09-17,NA
1790,Lookout Shoals,North Carolina,DUKE_ENE,-81.090611,35.757868,2007-01-01,2020-09-17,NA
1791,Catawba,North Carolina,DUKE_ENE,-81.840625,35.744272,2007-01-01,2020-09-17,NA
1794,Beech River Dam,Tennessee,TVA,-88.416975,35.661986,1986-01-01,2019-12-05,NA
1796,B. Everett Jordan Dam,North Carolina,DUKE,-79.06867,35.656806,1974-01-01,2020-06-30,NA
1797,Watts Bar,Tennessee,TVA,-84.780208,35.623945,1942-01-06,2019-12-06,NA
1800,Normandy,Tennessee,TVA,-86.242708,35.466245,1976-01-05,2019-12-05,NA
1801,Fontana,North Carolina,TVA,-83.807292,35.453399,1944-10-01,2019-12-06,NA
1804,Cowans Ford,North Carolina,DUKE_ENE,-80.952083,35.435689,2007-01-01,2020-09-17,NA
1809,Mountain Island,North Carolina,DUKE_ENE,-80.985417,35.339583,2007-01-01,2020-09-17,NA
1812,Bear Creek,North Carolina,DUKE_ENE,-83.068498,35.241953,2012-01-01,2020-08-31,NA
1814,Tillery,North Carolina,DUKE_ENE,-80.06875,35.207212,2000-01-01,2020-07-13,NA
1815,Nantahala,North Carolina,DUKE_ENE,-83.653125,35.197248,2012-01-01,2020-08-31,NA
1816,Thorpe,North Carolina,DUKE_ENE,-83.153466,35.196105,2012-01-01,2020-08-31,NA
1817,Apalachia,North Carolina,TVA,-84.293303,35.168026,1943-02-13,2019-12-05,NA
1818,Hiwassee,North Carolina,TVA,-84.176042,35.152638,1940-01-01,2019-12-06,NA
1822,Chickamauga,Tennessee,TVA,-85.226742,35.102025,1940-03-04,2019-12-05,NA
1823,Ocoee 1,Tennessee,TVA,-84.646551,35.094393,1939-10-01,2019-12-06,NA
1824,Pickwick Landing,Tennessee,TVA,-88.247429,35.069376,1937-10-01,2019-12-06,NA
1827,Winthrop University Dam,South Carolina,DUKE_ENE,-81.010741,35.022443,2007-01-01,2020-09-17,NA
1828,Chatuge,North Carolina,TVA,-83.79203,35.016806,1942-02-12,2019-12-05,NA
1829,Nickajack,Tennessee,TVA,-85.618247,35.001899,1937-06-30,2019-12-05,NA
1831,Blewett Falls,North Carolina,DUKE_ENE,-79.879,34.983522,2000-01-01,2020-07-14,NA
1833,Nottely,Georgia,TVA,-84.090625,34.955905,1942-01-24,2019-12-05,NA
1834,Blue Ridge,Georgia,TVA,-84.278125,34.881121,1940-02-01,2019-12-05,NA
1835,Wheeler,Alabama,TVA,-87.380231,34.806299,1937-06-30,2019-12-06,NA
1836,Keowee,South Carolina,DUKE_ENE,-82.889333,34.799787,2016-08-16,2020-09-18,NA
1841,Carters Main Dam,Georgia,ACE_MOB,-84.66861,34.614583,1975-07-18,2020-12-31,NA
1842,Fishing Creek,South Carolina,DUKE_ENE,-80.890625,34.60297,2007-01-01,2020-09-17,NA
1843,Cedar Creek,Alabama,TVA,-87.972741,34.54375,1979-01-01,2019-12-05,NA
1846,Little Bear Creek,Alabama,TVA,-87.972917,34.452307,1976-01-01,2019-12-05,NA
1847,Guntersville,Alabama,TVA,-86.39202,34.421538,1938-10-01,2019-12-06,NA
1848,Sardis Dam,Mississippi,ACE_VIC,-89.792634,34.407344,1960-01-01,2019-12-31,NA
1851,Hartwell Dam,Georgia,ACE_SAV,-82.822993,34.360491,1962-04-24,2020-06-03,NA
1852,Wateree,South Carolina,DUKE_ENE,-80.702952,34.336709,2007-01-01,2020-09-17,NA
1855,Upper Bear Creek,Alabama,TVA,-87.692356,34.27409,1978-01-07,2019-12-06,NA
1862,Allatoona Lake Dam and Powerhouse,Georgia,ACE_MOB,-84.726313,34.164969,1952-01-01,2020-12-31,NA
1863,Buford,Georgia,ACE_MOB,-84.072357,34.16084,1959-05-01,2020-12-31,NA
1864,Enid Dam,Mississippi,ACE_VIC,-89.90447,34.151653,1962-01-01,2019-12-31,NA
1869,Grenada Dam,Mississippi,ACE_VIC,-89.76874,33.814591,1961-01-01,2019-12-31,NA
1872,J. Strom Thurmond Dam,Georgia,ACE_SAV,-82.196875,33.662099,1954-01-01,2020-06-03,NA
1883,Wallace,Georgia,ACE_VIC,-83.157149,33.352754,1946-12-27,2020-07-13,NA
1890,Pinopolis West Dam,South Carolina,SAN,-79.999023,33.240867,1942-05-01,2021-03-15,NA
1896,West Point,Georgia,ACE_MOB,-85.192847,32.924552,1975-05-09,2020-12-31,NA
1910,Walter F. George Lock and Dam,Alabama,DUKE,-85.064945,31.627517,1963-12-03,2015-09-30,NA
1916,Jim Woodruff Dam,Florida,USGS,-84.866115,30.708037,1980-01-01,2018-09-01,NA
1924,Golf Course,Florida,SWFMD,-82.266049,28.776316,1942-09-01,1993-09-30,NA
1944,Structure 65,Florida,SWFMD,-81.194247,27.806733,1984-07-18,2018-03-28,NA
1957,Structure 193,Florida,SWFMD,-81.100806,26.941122,1984-01-01,2021-01-31,NA
2149,Franklin Falls Dam,New Hampshire,ACE_CON,-71.654894,43.453369,1980-01-01,2020-12-31,NA
2158,Hopkinton Flood Control Dam,New Hampshire,DUKE,-71.747262,43.188119,1997-01-01,2015-09-30,NA
2180,Wachusett Reservoir Dam,Massachusetts,MWRA,-71.689716,42.402072,1985-01-01,2001-12-31,NA
2186,Quabbin Winsor Dam,Massachusetts,MWRA,-72.340877,42.286673,1964-01-01,2020-09-05,NA
2188,Littleville Dam,Massachusetts,DUKE,-72.88235,42.26612,1997-01-01,2015-09-30,NA
2193,Colebrook River Dam,Connecticut,ACE_CON,-73.019413,41.99076,1980-01-01,2020-12-31,NA
6864,Blandin Dam,Minnesota,MIN,-93.534719,47.231799,2019-08-26,2021-03-02,NA
6865,Winton Dam,Minnesota,MIN,-91.763742,47.932504,2004-01-01,2021-03-03,NA
7214,Ridges Basin,Colorado,BOR,-107.896538,37.219426,1999-12-29,2018-12-31,NA
7306,Wilson,Alabama,TVA,-87.623433,34.79871,1937-06-30,2019-12-06,NA
7308,Richard B. Russell Dam,Georgia,ACE_SAV,-82.600552,34.025484,1984-08-02,2020-06-03,NA
7310,Carlyle Lake Dam,Illinois,ACE_STL,-89.351351,38.619946,1980-01-01,2018-09-01,NA
7311,Elk City Lake,Kansas,DUKE,-95.786274,37.275927,1979-10-01,2015-09-30,NA
7313,Canyon Ferry Dam,Montana,BOR,-111.727374,46.648333,1953-03-27,1948-12-29,NA
7317,Tims Ford,Tennessee,TVA,-86.276254,35.197234,1969-01-01,2019-12-06,NA
7318,Cordell Hull Dam,Tennessee,ACE_NAS,-85.944131,36.29222,1968-04-02,2019-11-17,NA
479,Utah Lake Outlet,Utah,BOR,-111.892115,40.358628,1932-01-01,2021-01-27,NA
516,Homestake Dam,Colorado,BOR,-106.46163,39.367482,2005-04-18,2021-01-26,NA
527,Weber Dam,Nevada,USGS,-118.861185,39.044175,1980-01-01,2020-12-31,NA
596,Wishon Main,California,CDEC,-118.967372,37.003905,1998-09-01,2020-12-31,NA
599,Costilla Dam,New Mexico,USGS,-105.278125,36.877279,1980-01-01,2020-12-31,NA
623,Blue Ridge,Arizona,USGS,-111.186458,34.552889,1980-01-31,2020-12-31,NA
662,San Vicente,California,USGS,-116.927083,32.914817,1987-10-01,2020-12-31,NA
665,El Capitan,California,USGS,-116.80847,32.884047,1987-10-01,2020-12-31,NA
995,Lake Meredith,Colorado,BOR,-103.734758,38.161553,2005-07-08,2021-01-21,NA
1002,Cucharas 5,Colorado,BOR,-104.601635,37.746554,2005-06-29,2013-04-09,NA
1025,Optima Lake,Oklahoma,ACE_TUL,-101.136814,36.672917,1979-10-01,1994-10-31,NA
1029,Pensacola,Oklahoma,USGS,-95.039609,36.470297,1980-01-01,2020-12-31,NA
1037,Skiatook Lake,Oklahoma,ACE_TUL,-96.090323,36.350468,1980-01-01,2020-12-31,NA
1061,Hefner,Oklahoma,USGS,-97.608768,35.579799,1999-11-17,2020-12-31,NA
1076,Stanley Draper,Oklahoma,USGS,-97.354997,35.328138,1999-10-01,2020-12-31,NA
1088,Greenbelt Dam,Texas,TWDB,-100.898875,35.00625,1967-08-17,2021-01-29,NA
1099,Ellsworth,Oklahoma,USGS,-98.362126,34.795341,1995-10-01,2020-12-31,NA
1104,Lawtonka Lake,Oklahoma,USGS,-98.503305,34.737284,1994-10-01,2020-12-31,NA
1110,Wildhorse Creek Site 39,Oklahoma,USGS,-97.672917,34.602083,2013-03-29,2020-12-31,NA
1111,Wildhorse Creek Site 22,Oklahoma,USGS,-97.886156,34.585895,2014-05-08,2020-12-31,NA
1113,Mackenzie Dam,Texas,TWDB,-101.44059,34.545392,1980-01-01,2020-12-31,NA
1114,Deep Red Run,Oklahoma,USGS,-98.885497,34.514873,2007-06-13,2020-12-31,NA
1126,Pine Creek Lake,Oklahoma,ACE_TUL,-95.082292,34.116043,1979-10-01,2020-05-27,NA
1129,North Fork Buffalo Creek Dam,Texas,TWDB,-98.758542,33.987242,1998-08-15,2021-01-29,NA
1133,Farmers Creek Dam,Texas,TWDB,-97.654885,33.880186,1999-03-13,2021-01-29,NA
1138,Fish Creek Dam,Texas,TWDB,-97.216223,33.772917,2000-10-01,2021-01-29,NA
1141,Lake Crook Dam,Texas,TWDB,-95.568554,33.724654,1999-03-26,2021-01-29,NA
1146,Lake Bonham Dam,Texas,TWDB,-96.136568,33.652035,1999-03-25,2021-01-29,NA
1148,White River Dam,Texas,TWDB,-101.086035,33.459623,1964-04-02,2021-01-29,NA
1149,Amon G Carter Dam,Texas,TWDB,-97.860649,33.460267,1999-03-05,2021-01-29,NA
1150,Millers Creek Dam,Texas,TWDB,-99.365658,33.418405,1976-10-02,2021-01-29,NA
1154,Lock and Dam 8,Arkansas,ACE_VIC,-92.471875,33.293786,1984-09-21,2015-08-15,NA
1156,Lake Chicot Dam North,Arkansas,ACE_VIC,-91.222841,33.273254,1938-01-28,2015-09-30,NA
1158,Lost Creek Dam,Texas,TWDB,-98.120395,33.244067,1999-03-04,2021-01-29,NA
1159,Bridgeport Dam,Texas,TWDB,-97.832817,33.221504,1977-10-02,2021-01-29,NA
1160,Lake Sulphur Springs Dam,Texas,TWDB,-95.615628,33.176339,1999-03-26,2021-01-29,NA
1161,Graham Dam,Texas,TWDB,-98.618771,33.135439,1963-10-02,2021-01-29,NA
1163,Monticello Dam,Texas,TWDB,-95.003213,33.072835,1977-08-09,2021-01-29,NA
1165,John T. Montford Dam,Texas,TWDB,-101.047925,33.060408,1997-10-01,2021-01-29,NA
1166,Lake Stamford Dam,Texas,TWDB,-99.569999,33.066436,1953-07-01,2021-01-29,NA
1167,Franklin County Dam,Texas,TWDB,-95.14111,33.056322,1998-07-02,2021-01-29,NA
1177,Eagle Mountain Dam,Texas,TWDB,-97.498242,32.87062,1934-02-28,2021-01-29,NA
1179,Hubbard Creek Dam,Texas,TWDB,-98.962026,32.825436,1962-10-02,2020-12-31,NA
1184,Lake Worth Dam,Texas,TWDB,-97.417708,32.790449,1980-01-01,2021-01-29,NA
1185,Lake Weatherford Dam,Texas,TWDB,-97.677083,32.773196,1980-01-01,2020-12-31,NA
1189,Cedar Creek,Texas,TWDB,-96.175476,32.729052,1999-04-22,2021-01-29,NA
1190,Lake Arlington Dam,Texas,TWDB,-97.194987,32.717495,1957-04-02,2021-01-29,NA
1196,Lake Palo Pinto Dam,Texas,TWDB,-98.271875,32.646742,1999-02-20,2021-01-29,NA
1198,Fort Phantom Hill Dam,Texas,TWDB,-99.673958,32.613851,1965-10-01,2021-01-29,NA
1201,Lake J.B. Thomas Dam,Texas,TWDB,-101.137062,32.585119,1954-01-02,2020-12-31,NA
1205,Williamson Dam,Texas,TWDB,-98.986281,32.439868,1999-02-11,2021-01-29,NA
1208,De Cordova Bend Dam,Texas,TWDB,-97.690826,32.375842,1972-10-02,2020-12-31,NA
1210,Lake Leon Dam,Texas,TWDB,-98.677903,32.363548,1955-02-01,2021-01-29,NA
1212,South Prong Dam,Texas,TWDB,-96.807717,32.342123,1999-04-03,2021-01-29,NA
1214,Lake Colorado City Dam,Texas,TWDB,-100.919792,32.320017,1949-04-02,2021-01-29,NA
1217,Champion Creek Dam,Texas,TWDB,-100.854604,32.286584,1959-10-02,2021-01-29,NA
1219,Martin Lake Dam,Texas,TWDB,-94.54375,32.26875,1974-04-11,2020-12-31,NA
1222,Lake Abilene Dam,Texas,TWDB,-99.890365,32.235446,1999-03-05,2021-01-29,NA
1226,Natural Dam,Texas,TWDB,-101.628084,32.217975,2000-10-02,2021-01-29,NA
1232,Oak Creek Dam,Texas,TWDB,-100.266146,32.044849,1953-05-01,2021-01-29,NA
1233,Murvaul Bayou Dam,Texas,TWDB,-94.424401,32.038477,1980-01-01,2020-12-31,NA
1234,Coleman Dam,Texas,TWDB,-99.465844,32.032716,1999-02-26,2021-01-29,NA
1238,Richland Creek Dam,Texas,USGS,-96.102607,31.94808,1993-10-01,2020-12-31,NA
1240,Lake Striker Dam,Texas,TWDB,-94.978709,31.933031,2017-01-30,2021-01-29,NA
1241,Buckner Dam,Texas,TWDB,-95.308862,31.909552,1999-05-14,2021-01-29,NA
1248,Lake Brownwood Dam,Texas,TWDB,-99.0039,31.838857,1933-07-01,2020-12-31,NA
1261,Houston County Lake Dam,Texas,TWDB,-95.601768,31.410356,1999-05-12,2021-01-29,NA
1269,Toledo Bend,Louisiana,TWDB,-93.566547,31.174682,1966-10-02,2020-12-31,NA
1295,Conroe Dam,Texas,TWDB,-95.564583,30.360417,1973-01-10,2020-12-31,NA
1300,Lake Houston Dam,Texas,USGS,-95.132778,29.920584,1980-01-01,2020-12-31,NA
1305,Medina Lake Dam,Texas,TWDB,-98.934221,29.541074,1980-01-01,2020-12-31,NA
1312,Palmetto Bend Dam,Texas,TWDB,-96.572867,28.890277,1999-06-18,2021-01-29,NA
1720,Kaskaskia Lock and Dam,Illinois,ACE_STL,-89.947917,37.986049,1973-11-10,2014-11-14,NA
1845,Jamie L. Whitten Lock and Dam,Mississippi,ACE_MOB,-88.321875,34.524077,1990-03-14,2020-05-20,NA
1856,Fulton,Mississippi,ACE_MOB,-88.426571,34.260518,1988-06-09,2015-09-30,NA
1865,Glover Wilkins,Mississippi,ACE_MOB,-88.422511,34.065793,1985-01-01,2020-05-20,NA
1868,Aberdeen Dam,Mississippi,ACE_VIC,-88.519826,33.832243,1985-01-01,2020-05-20,NA
1876,John C. Stennis,Mississippi,ACE_MOB,-88.488172,33.519852,1980-01-01,2020-12-31,NA
1908,Okatibbee Dam,Mississippi,ACE_MOB,-88.792326,32.474874,1969-01-01,2020-12-31,NA
2183,Cambridge Reservoir Dam,Massachusetts,USGS,-71.156404,42.335453,2005-09-30,2020-12-31,NA
1879,North Santee Dam,South Carolina,SAN,-80.16573,33.452083,2029-10-01,2021-03-14,NA